Appliance Name,No of Appliances,Wattage,Voltage,Ampere,Time On (hours),Electricity Units Spent (kWh),Amount Spent (Rs.),Anomalous
Light,2,100,227,0.44,18,1.8,9.0,No
Fan,3,49,223,0.22,16,0.784,3.92,No
TV,2,166,222,0.75,21,3.486,17.43,No
AC,3,1375,220,6.25,18,24.75,123.75,No
Washing Machine,1,595,226,2.63,4,2.38,11.899999999999999,No
Fridge,3,212,221,0.96,18,3.816,19.08,No
Water Purifier,2,79,230,0.34,5,0.395,1.975,No
Desktop,1,165,227,0.73,2,0.33,1.6500000000000001,No
Laptop,3,113,230,0.49,13,1.469,7.345000000000001,No
